{
    "matrix": {
        "rows": 8,
        "cols": 5
    },
    "layouts": {
        "keymap": [
            [
                [
                    {
                        "x": 3.25
                    },
                    "0,2"
                ],
                [
                    {
                        "y": -0.75,
                        "x": 4.25
                    },
                    "0,3",
                    "0,4",
                    {
                        "x": 3.75
                    },
                    "4,4",
                    "4,3"
                ],
                [
                    {
                        "y": -0.25,
                        "x": 3.25
                    },
                    "2,1"
                ],
                [
                    {
                        "y": -0.75,
                        "x": 4.25
                    },
                    "3,1",
                    "4,1",
                    {
                        "x": 3.75
                    },
                    "5,4",
                    "5,3"
                ],
                [
                    {
                        "y": -0.25,
                        "x": 3.25
                    },
                    "2,2"
                ],
                [
                    {
                        "y": -0.75,
                        "x": 4.25
                    },
                    "3,2",
                    "4,2",
                    {
                        "x": 3.75
                    },
                    "6,4",
                    "6,3"
                ],
                [
                    {
                        "r": 1,
                        "rx": 5,
                        "x": 7.050000000000001
                    },
                    "4,2"
                ],
                [
                    {
                        "x": 7.050000000000001
                    },
                    "5,2"
                ],
                [
                    {
                        "x": 7.050000000000001
                    },
                    "6,2"
                ],
                [
                    {
                        "r": 6,
                        "rx": 10,
                        "ry": 3.75,
                        "y": -3.5,
                        "x": 3
                    },
                    "4,1"
                ],
                [
                    {
                        "x": 3
                    },
                    "5,1"
                ],
                [
                    {
                        "x": 3
                    },
                    "6,1"
                ],
                [
                    {
                        "r": 8,
                        "rx": 4.75,
                        "ry": 6.5,
                        "y": -3,
                        "x": -0.75
                    },
                    "3,2"
                ],
                [
                    {
                        "r": 12,
                        "rx": 10.25,
                        "ry": 1.5,
                        "y": -1,
                        "x": 4.25
                    },
                    "4,0"
                ],
                [
                    {
                        "x": 4.25
                    },
                    "5,0"
                ],
                [
                    {
                        "x": 4.25
                    },
                    "6,0"
                ],
                [
                    {
                        "r": 13,
                        "rx": 13.25,
                        "ry": 3.5,
                        "y": -0.75,
                        "x": 1.9000000000000004
                    },
                    "7,0"
                ],
                [
                    {
                        "r": 14,
                        "rx": 4.75,
                        "ry": 6.5,
                        "y": -3,
                        "x": 0.25
                    },
                    "3,3"
                ],
                [
                    {
                        "r": 19,
                        "y": -1,
                        "x": 1.25
                    },
                    "3,4"
                ],
                [
                    {
                        "r": -19,
                        "rx": 11.5,
                        "ry": 5.75,
                        "y": -2.25,
                        "x": -2.25
                    },
                    "7,4"
                ],
                [
                    {
                        "r": -13,
                        "y": -1,
                        "x": -1.25
                    },
                    "7,3"
                ],
                [
                    {
                        "r": -9,
                        "rx": 0,
                        "ry": 3,
                        "y": -1.75,
                        "x": 1
                    },
                    "0,0"
                ],
                [
                    {
                        "x": 1
                    },
                    "1,0"
                ],
                [
                    {
                        "y": -0.5
                    },
                    "3,0"
                ],
                [
                    {
                        "y": -0.5,
                        "x": 1
                    },
                    "2,0"
                ],
                [
                    {
                        "r": -8,
                        "rx": 11.5,
                        "ry": 5.75,
                        "y": -2.25,
                        "x": -0.25
                    },
                    "7,2"
                ],
                [
                    {
                        "r": -3,
                        "rx": 0.5,
                        "ry": 3,
                        "y": -2.5,
                        "x": 1.65
                    },
                    "0,1"
                ],
                [
                    {
                        "x": 1.65
                    },
                    "1,1"
                ],
                [
                    {
                        "x": 1.65
                    },
                    "1,2"
                ]
            ]
        ]
    }
}